SKU	BRAND_NAME	PRODUCT_NAME	THAI_NAME	GRADE_BAND	INTERNAL_DIFFICULTY	DISPLAY_DIFFICULTY	PRODUCT_FORMAT	PUZZLE_COUNT	ANSWER_KEY_STATUS	OFFER_TYPE	CLAIM_POLICY_CLASS
BK-EL-MIX-EASY-01	BiiigBee Easy Maths	ประถมต้น Mixed Sudoku Pack EASY	ซูโดกุ ประถมต้น แบบผสม ระดับ EASY	ประถมต้น (ป.1–ป.3)	EASY	EASY	Printable PDF; Optional Print-on-Demand	500	Included for all 500 puzzles	STANDARD_SINGLE_DIFFICULTY_MIXED_TYPES	STANDARD_SAFE
BK-EL-MIX-MEDIUM-01	BiiigBee Easy Maths	ประถมต้น Mixed Sudoku Pack MEDIUM	ซูโดกุ ประถมต้น แบบผสม ระดับ MEDIUM	ประถมต้น (ป.1–ป.3)	MEDIUM	MEDIUM	Printable PDF; Optional Print-on-Demand	500	Included for all 500 puzzles	STANDARD_SINGLE_DIFFICULTY_MIXED_TYPES	STANDARD_SAFE
BK-EL-MIX-HARD-01	BiiigBee Easy Maths	ประถมต้น Mixed Sudoku Pack HARD	ซูโดกุ ประถมต้น แบบผสม ระดับ HARD	ประถมต้น (ป.1–ป.3)	HARD	HARD	Printable PDF; Optional Print-on-Demand	500	Included for all 500 puzzles	STANDARD_SINGLE_DIFFICULTY_MIXED_TYPES	STANDARD_SAFE
BK-EL-MIX-EXPERT-01	BiiigBee Easy Maths	ประถมต้น Mixed Sudoku Pack EXPERT	ซูโดกุ ประถมต้น แบบผสม ระดับ EXPERT	ประถมต้น (ป.1–ป.3)	EXPERT	EXPERT	Printable PDF; Optional Print-on-Demand	500	Included for all 500 puzzles	STANDARD_SINGLE_DIFFICULTY_MIXED_TYPES	STANDARD_SAFE
BK-EL-MIX-DEVIL-01	BiiigBee Easy Maths	ประถมต้น Mixed Sudoku Pack DEVIL	ซูโดกุ ประถมต้น แบบผสม ระดับ DEVIL	ประถมต้น (ป.1–ป.3)	DEVIL	GRANDMASTER	Printable PDF; Optional Print-on-Demand	500	Included for all 500 puzzles	STANDARD_SINGLE_DIFFICULTY_MIXED_TYPES	STANDARD_SAFE
BK-UP-MIX-EASY-01	BiiigBee Easy Maths	ประถมปลาย Mixed Sudoku Pack EASY	ซูโดกุ ประถมปลาย แบบผสม ระดับ EASY	ประถมปลาย (ป.4–ป.6)	EASY	EASY	Printable PDF; Optional Print-on-Demand	500	Included for all 500 puzzles	STANDARD_SINGLE_DIFFICULTY_MIXED_TYPES	STANDARD_SAFE
BK-UP-MIX-MEDIUM-01	BiiigBee Easy Maths	ประถมปลาย Mixed Sudoku Pack MEDIUM	ซูโดกุ ประถมปลาย แบบผสม ระดับ MEDIUM	ประถมปลาย (ป.4–ป.6)	MEDIUM	MEDIUM	Printable PDF; Optional Print-on-Demand	500	Included for all 500 puzzles	STANDARD_SINGLE_DIFFICULTY_MIXED_TYPES	STANDARD_SAFE
BK-UP-MIX-HARD-01	BiiigBee Easy Maths	ประถมปลาย Mixed Sudoku Pack HARD	ซูโดกุ ประถมปลาย แบบผสม ระดับ HARD	ประถมปลาย (ป.4–ป.6)	HARD	HARD	Printable PDF; Optional Print-on-Demand	500	Included for all 500 puzzles	STANDARD_SINGLE_DIFFICULTY_MIXED_TYPES	STANDARD_SAFE
BK-UP-MIX-EXPERT-01	BiiigBee Easy Maths	ประถมปลาย Mixed Sudoku Pack EXPERT	ซูโดกุ ประถมปลาย แบบผสม ระดับ EXPERT	ประถมปลาย (ป.4–ป.6)	EXPERT	EXPERT	Printable PDF; Optional Print-on-Demand	500	Included for all 500 puzzles	STANDARD_SINGLE_DIFFICULTY_MIXED_TYPES	STANDARD_SAFE
BK-UP-MIX-DEVIL-01	BiiigBee Easy Maths	ประถมปลาย Mixed Sudoku Pack DEVIL	ซูโดกุ ประถมปลาย แบบผสม ระดับ DEVIL	ประถมปลาย (ป.4–ป.6)	DEVIL	GRANDMASTER	Printable PDF; Optional Print-on-Demand	500	Included for all 500 puzzles	STANDARD_SINGLE_DIFFICULTY_MIXED_TYPES	STANDARD_SAFE
BK-LS-MIX-EASY-01	BiiigBee Easy Maths	มัธยมต้น Mixed Sudoku Pack EASY	ซูโดกุ มัธยมต้น แบบผสม ระดับ EASY	มัธยมต้น (ม.1–ม.3)	EASY	EASY	Printable PDF; Optional Print-on-Demand	500	Included for all 500 puzzles	STANDARD_SINGLE_DIFFICULTY_MIXED_TYPES	STANDARD_SAFE
BK-LS-MIX-MEDIUM-01	BiiigBee Easy Maths	มัธยมต้น Mixed Sudoku Pack MEDIUM	ซูโดกุ มัธยมต้น แบบผสม ระดับ MEDIUM	มัธยมต้น (ม.1–ม.3)	MEDIUM	MEDIUM	Printable PDF; Optional Print-on-Demand	500	Included for all 500 puzzles	STANDARD_SINGLE_DIFFICULTY_MIXED_TYPES	STANDARD_SAFE
BK-LS-MIX-HARD-01	BiiigBee Easy Maths	มัธยมต้น Mixed Sudoku Pack HARD	ซูโดกุ มัธยมต้น แบบผสม ระดับ HARD	มัธยมต้น (ม.1–ม.3)	HARD	HARD	Printable PDF; Optional Print-on-Demand	500	Included for all 500 puzzles	STANDARD_SINGLE_DIFFICULTY_MIXED_TYPES	STANDARD_SAFE
BK-LS-MIX-EXPERT-01	BiiigBee Easy Maths	มัธยมต้น Mixed Sudoku Pack EXPERT	ซูโดกุ มัธยมต้น แบบผสม ระดับ EXPERT	มัธยมต้น (ม.1–ม.3)	EXPERT	EXPERT	Printable PDF; Optional Print-on-Demand	500	Included for all 500 puzzles	STANDARD_SINGLE_DIFFICULTY_MIXED_TYPES	STANDARD_SAFE
BK-LS-MIX-DEVIL-01	BiiigBee Easy Maths	มัธยมต้น Mixed Sudoku Pack DEVIL	ซูโดกุ มัธยมต้น แบบผสม ระดับ DEVIL	มัธยมต้น (ม.1–ม.3)	DEVIL	GRANDMASTER	Printable PDF; Optional Print-on-Demand	500	Included for all 500 puzzles	STANDARD_SINGLE_DIFFICULTY_MIXED_TYPES	STANDARD_SAFE
BK-US-MIX-EASY-01	BiiigBee Easy Maths	มัธยมปลาย Mixed Sudoku Pack EASY	ซูโดกุ มัธยมปลาย แบบผสม ระดับ EASY	มัธยมปลาย (ม.4–ม.6)	EASY	EASY	Printable PDF; Optional Print-on-Demand	500	Included for all 500 puzzles	STANDARD_SINGLE_DIFFICULTY_MIXED_TYPES	STANDARD_SAFE
BK-US-MIX-MEDIUM-01	BiiigBee Easy Maths	มัธยมปลาย Mixed Sudoku Pack MEDIUM	ซูโดกุ มัธยมปลาย แบบผสม ระดับ MEDIUM	มัธยมปลาย (ม.4–ม.6)	MEDIUM	MEDIUM	Printable PDF; Optional Print-on-Demand	500	Included for all 500 puzzles	STANDARD_SINGLE_DIFFICULTY_MIXED_TYPES	STANDARD_SAFE
BK-US-MIX-HARD-01	BiiigBee Easy Maths	มัธยมปลาย Mixed Sudoku Pack HARD	ซูโดกุ มัธยมปลาย แบบผสม ระดับ HARD	มัธยมปลาย (ม.4–ม.6)	HARD	HARD	Printable PDF; Optional Print-on-Demand	500	Included for all 500 puzzles	STANDARD_SINGLE_DIFFICULTY_MIXED_TYPES	STANDARD_SAFE
BK-US-MIX-EXPERT-01	BiiigBee Easy Maths	มัธยมปลาย Mixed Sudoku Pack EXPERT	ซูโดกุ มัธยมปลาย แบบผสม ระดับ EXPERT	มัธยมปลาย (ม.4–ม.6)	EXPERT	EXPERT	Printable PDF; Optional Print-on-Demand	500	Included for all 500 puzzles	STANDARD_SINGLE_DIFFICULTY_MIXED_TYPES	STANDARD_SAFE
BK-US-MIX-DEVIL-01	BiiigBee Easy Maths	มัธยมปลาย Mixed Sudoku Pack DEVIL	ซูโดกุ มัธยมปลาย แบบผสม ระดับ DEVIL	มัธยมปลาย (ม.4–ม.6)	DEVIL	GRANDMASTER	Printable PDF; Optional Print-on-Demand	500	Included for all 500 puzzles	STANDARD_SINGLE_DIFFICULTY_MIXED_TYPES	STANDARD_SAFE
CP-EL-NAT-COMP-01	BiiigBee Easy Maths	ประถมต้น Competition Training Pack	ซูโดกุ ประถมต้น ชุดฝึกเตรียมแข่งขันระดับประเทศ	ประถมต้น (ป.1–ป.3)	MIXED	MIXED	Printable PDF; Optional Print-on-Demand	500	Included for all 500 puzzles	COMPETITION_TRAINING_CUSTOM_MIX	COMPETITION_TRAINING_SAFE
CP-UP-NAT-COMP-01	BiiigBee Easy Maths	ประถมปลาย Competition Training Pack	ซูโดกุ ประถมปลาย ชุดฝึกเตรียมแข่งขันระดับประเทศ	ประถมปลาย (ป.4–ป.6)	MIXED	MIXED	Printable PDF; Optional Print-on-Demand	500	Included for all 500 puzzles	COMPETITION_TRAINING_CUSTOM_MIX	COMPETITION_TRAINING_SAFE
CP-LS-NAT-COMP-01	BiiigBee Easy Maths	มัธยมต้น Competition Training Pack	ซูโดกุ มัธยมต้น ชุดฝึกเตรียมแข่งขันระดับประเทศ	มัธยมต้น (ม.1–ม.3)	MIXED	MIXED	Printable PDF; Optional Print-on-Demand	500	Included for all 500 puzzles	COMPETITION_TRAINING_CUSTOM_MIX	COMPETITION_TRAINING_SAFE
CP-US-NAT-COMP-01	BiiigBee Easy Maths	มัธยมปลาย Competition Training Pack	ซูโดกุ มัธยมปลาย ชุดฝึกเตรียมแข่งขันระดับประเทศ	มัธยมปลาย (ม.4–ม.6)	MIXED	MIXED	Printable PDF; Optional Print-on-Demand	500	Included for all 500 puzzles	COMPETITION_TRAINING_CUSTOM_MIX	COMPETITION_TRAINING_SAFE
